Ward_Name,Zone,surface_temp,urban_index,veg_index,water_index,health_score,city_rank
Halsoor,East,34.011624150599026,-0.0387101037354326,0.1131691574014002,-0.0766914150572644,100.0,1
Sampangiram Nagar,East,34.86153228372669,-0.0479104666124042,0.1777032819421504,-0.1400526267190525,91.07,2
Aramane Nagara,West,34.46694541807559,-0.0456628457478248,0.1875567155108471,-0.1534547505501551,90.14,3
Dodda Bommasandra,Yelahanka,34.831425777722586,-0.0384838858650288,0.1665737719309574,-0.1401829440184399,83.94,4
Pattabhiram Nagar,South,35.17468101109387,-0.0378749811859695,0.1501160727172729,-0.1259143678404393,82.46,5
Bilekhalli,Bommanahalli,34.74362563518706,-0.0277337003289822,0.127149042582627,-0.1102296154141536,80.72,6
Adugodi,South,35.754999513187606,-0.0428514949882935,0.182971851320043,-0.1506335289403456,80.07,7
Vasanth Nagar,East,35.05803076768587,-0.035033254853169,0.1661052369234839,-0.143958928063501,79.25,8
Shakambari Nagar,South,35.26673832021911,-0.0348434041013067,0.1488678136454834,-0.1298209360102209,78.59,9
Gangenahalli,East,35.1946078286002,-0.0352352163882697,0.1657744132357893,-0.145255078640832,77.81,10
Hanumanth Nagar,South,35.67016623731484,-0.0302831265870571,0.1297972259597024,-0.1096247462693215,76.59,11
Agaram,East,35.29125235806376,-0.0379615110710614,0.2054071711817455,-0.1802244106791214,75.48,12
Vishveshwara Puram,South,35.52703102468446,-0.0298818115290412,0.1434505400733151,-0.1242453160299531,75.36,13
Jayanagar,South,35.400842093667954,-0.032363842162205,0.1551863947148061,-0.1375313103414627,75.28,14
Jayamahal,East,35.17422940718874,-0.0292661756929572,0.1546184167274245,-0.1414081252047101,73.72,15
Jeevanbhima Nagar,East,35.285579141082074,-0.0287829332469576,0.1552831019547873,-0.141403683108173,72.95,16
Radhakrishna Temple Ward,East,35.13275903914712,-0.0274125877734247,0.1434250156100781,-0.1360835583786776,72.18,17
Kuvempu Nagar,Yelahanka,35.13255958895129,-0.0310104554082826,0.186541073117645,-0.1713834043242528,71.73,18
Hoysala Nagar,East,35.29748806850828,-0.0271332900359574,0.1495846336727345,-0.1390756698069317,71.47,19
New Tippasandara,East,35.09418923890393,-0.0245657904810475,0.1540038305923076,-0.1432372575374356,71.28,20
Jalahalli,Rajarajeshwari Nagar,35.69347127663031,-0.0320607697065814,0.1863845582525972,-0.16682319130068,70.19,21
Sarvagna Nagar,East,35.44933057588564,-0.031729174809205,0.1884859098606089,-0.1730991464969351,69.77,22
Konena Agrahara,East,35.47110344086994,-0.0270085307257368,0.1638004736829482,-0.1514573648420066,69.28,23
Kodigehalli,Yelahanka,35.015812408152144,-0.0194198332571517,0.1285705964142713,-0.1261015644424409,69.26,24
C V Raman Nagar,East,34.95129830853007,-0.0207647401226021,0.1443367466353671,-0.1400211474351188,69.14,25
Shantala Nagar,East,35.707718371482166,-0.0266210854590574,0.1491537144310722,-0.1385040659951486,68.59,26
Koramangala,South,35.72291696061085,-0.0264932633826982,0.1487140196279154,-0.1386172248045559,68.27,27
Ganesh Mandir ward,South,36.13132525763791,-0.0244504192256419,0.1291524294452027,-0.1235089985225186,65.18,28
Domlur,East,35.66749412522506,-0.022361601873311,0.1429053601386908,-0.1387743404721707,65.12,29
Bellanduru,Mahadevapura,35.28240466912835,-0.0190993421958931,0.1491766260037084,-0.1488100476478794,64.02,30
Yediyur,South,35.731140619952775,-0.0153255310024004,0.1176280914765806,-0.1173784927910462,63.06,31
Rajamahal Guttahalli,West,35.7017291490618,-0.0173576652220984,0.1265906084681122,-0.1272951031558956,62.7,32
Pulikeshinagar,East,35.93992204221961,-0.0213063517406447,0.1417899354240782,-0.14001479861727,62.01,33
Yelahanka Satellite Town,Yelahanka,35.29278015368304,-0.0192499786451413,0.1527456039445453,-0.1566791875006048,61.86,34
Girinagar,South,36.10421959087685,-0.018115117162429,0.1201185740545724,-0.1219152248023541,60.67,35
Karisandra,South,36.01268244305609,-0.0165493957786142,0.1233128038419275,-0.1242569468904548,60.55,36
J P Nagar,South,36.01133785981694,-0.0163851609200778,0.1223517090763714,-0.1253188251306377,59.79,37
Kadu Malleshwar Ward,West,35.92569691391645,-0.0167487332172643,0.1299988330116915,-0.1325381178851191,59.78,38
Nagapura,West,35.927699739625616,-0.0151868967045538,0.1210630822942302,-0.1247891935075705,59.68,39
Malleswaram,West,36.04677614265379,-0.017637363890251,0.1506107395019564,-0.1469735665825798,59.36,40
Sanjaya Nagar,East,35.77120394005976,-0.0172491042218465,0.1350516446720735,-0.1404413647073663,59.3,41
Puttenahalli,Bommanahalli,35.74991480666845,-0.0121322293438831,0.1202617508300641,-0.1258828302348593,58.86,42
Sarakki,South,35.93787808916077,-0.0146128645893689,0.1219533970312487,-0.126722572770328,58.83,43
Chowdeswari Ward,Yelahanka,35.70776567223196,-0.020145991680849,0.1682782223551335,-0.1692754976183628,58.78,44
Kacharkanahalli,East,35.08438219211634,-0.0072318098962998,0.1146821160981054,-0.1283639779860988,58.62,45
Shanthi Nagar,East,36.459471684787246,-0.0212806703478568,0.1546320856888217,-0.1499351682380788,58.13,46
Nagarabhavi,West,36.09284429572752,-0.0157171133221298,0.1301656938745958,-0.1331035779660727,58.02,47
HSR Layout,Bommanahalli,35.65070174929002,-0.0107741795237281,0.1272602325626624,-0.1330871516781478,58.01,48
Nandini Layout,West,36.60520892000369,-0.0191767748003568,0.132347256541523,-0.1299632477968338,57.97,49
Prakash Nagar,West,36.47350292308212,-0.0153965868215155,0.1211860492857734,-0.1204573426320133,57.86,50
Kumaraswamy Layout,South,36.13385032147686,-0.014877150707138,0.1268347567789222,-0.130793143514156,57.37,51
K R Puram,Mahadevapura,35.756564200255966,-0.0138185150868244,0.1440161817085716,-0.151646694025915,55.91,52
Hampi Nagar,South,36.76810303606427,-0.0172472340054132,0.1215031239932162,-0.1227855089654939,55.85,53
Attiguppe,South,36.36891049341897,-0.0141790964941135,0.1186244624111521,-0.1242506348575912,55.79,54
Byrasandra,South,36.17386400372416,-0.0119467963578158,0.1204126265505021,-0.1264655787615373,55.74,55
Mahalakshimpuram,West,36.42680590742726,-0.0120971202472243,0.1083211167513636,-0.11508199240434,55.27,56
Devara Jeevanahalli,East,36.78942088445497,-0.0236569128717809,0.1747698828074906,-0.1686006706711925,55.14,57
Banasavadi,East,35.61616193122277,-0.0080301569836455,0.1172217851293656,-0.1312137258151893,54.97,58
Jakkasandra,South,36.40317010238317,-0.0157793215698942,0.1420282869563994,-0.1458335170729064,54.19,59
Rajaji Nagar,West,36.47508665645238,-0.0116074926710249,0.1206923040192473,-0.1255224226280002,54.01,60
Jaraganahalli,Bommanahalli,35.58746564732957,0.0045922483307554,0.0691946299293277,-0.0865463586573662,54.0,61
Benniganahalli,East,35.48981708578413,-0.0090116409629354,0.1470617189457964,-0.1577528649591663,53.99,62
S K Garden,East,36.188509012983126,-0.0161784556946299,0.1668616337205966,-0.1678671681124992,53.96,63
Dodda Nekkundi,Mahadevapura,35.59192853848438,-0.0080445144166341,0.128082122125742,-0.141978430842455,53.87,64
Vijnana Nagar,Mahadevapura,35.571759786644776,-0.006529243262421,0.1255706447896413,-0.1403480244612297,53.29,65
Maruthi Seva Nagar,East,36.25564982695168,-0.0145575365035532,0.1468693624713921,-0.1530824401610539,53.1,66
BTM Layout,South,36.37963774594325,-0.0105360378392303,0.1153536512706588,-0.1245773421338309,53.06,67
Basaveshwara Nagar,West,36.61966915486652,-0.0131606771031952,0.1174081724784667,-0.1255353195168533,52.8,68
Konankunte,Bommanahalli,35.949828856993165,-0.0081288697818029,0.1213357171260035,-0.1352216348787198,52.31,69
Basavanagudi,South,36.59251682824557,-0.0105481213192887,0.1155077677751895,-0.1239446969490349,51.93,70
Jayachamarajendra Nagar,East,36.18605545033492,-0.0095835510837967,0.1252528282819794,-0.1369016263100186,51.79,71
Govindaraja Nagar,West,36.79266802703975,-0.0115611434765993,0.1143305794097307,-0.1220391886621789,51.47,72
Sunkenahalli,South,36.4276734492438,-0.0081630427312501,0.1140595405950007,-0.1251770378966663,51.09,73
Subramanya Nagar,West,36.13950256456116,-0.0042226846485921,0.1021250493548007,-0.1177697248771075,50.91,74
Lakkasandra,South,37.26553961908976,-0.0134922074443993,0.1163932557115365,-0.119509832206489,50.73,75
Vidyaranyapura,Yelahanka,35.98089437177225,-0.0134917119428156,0.1660181370227156,-0.1783637611164703,49.73,76
Maruthi Mandir ward,West,37.0177958398128,-0.0111665739519078,0.1077606256964743,-0.1178235832425884,49.62,77
Hagadur,Mahadevapura,35.88450325115502,-0.0105669425399253,0.155779415638874,-0.1705614031009253,49.34,78
Sriramamandir,West,37.14894190900645,-0.01165904232746,0.11734614945146,-0.1237644850234261,49.27,79
Shivanagara,West,36.6278576581982,-0.0057780404637764,0.1049697302875179,-0.1175557318365515,49.19,80
Devasandra,Mahadevapura,36.29195959835284,-0.0077825910379528,0.1449985450081813,-0.1537616375925632,49.07,81
Shankar Matt,West,36.55599437026613,-0.0042660720799611,0.0987949110642507,-0.1147638389492519,48.39,82
Jayanagar East,South,36.83468935791404,-0.0068798317381101,0.1097506449166508,-0.1217704971035155,47.94,83
Ramaswamy Palya,East,36.435059218123534,-0.0073843220238097,0.1321160490777616,-0.1448749801574377,47.88,84
Vidyapeeta ward,South,36.876536442587714,-0.0079456613412573,0.1091562198027859,-0.1226525051663055,47.61,85
Hosakerehalli,South,35.87380113074883,0.0028921232144596,0.096714716967947,-0.120684471162292,46.87,86
Garudachar Playa,Mahadevapura,35.87869643559502,-0.0016269727827509,0.1268395470078206,-0.1469057711416457,46.79,87
Ganga Nagar,East,36.731908813113456,-0.0114874338144462,0.1541595948907951,-0.1627312993670346,46.72,88
Hosahalli,South,37.04033781445162,-0.0076600404922001,0.1112303638088182,-0.1232570777468856,46.72,88
Marenahalli,West,36.77441765657893,-0.0045448325958636,0.100165876527707,-0.1172854045435389,46.42,90
Byatarayanapura,Yelahanka,36.21038253104005,-0.0069403046925269,0.1377701325281521,-0.1558727276358925,46.38,91
Mudalapalya,West,36.77530007202878,-0.0030879827799462,0.0959293837309996,-0.1137638214174273,45.99,92
Rajarajeshwari Nagar,Rajarajeshwari Nagar,36.90380777462469,-0.0122491263445343,0.1495877347749865,-0.1595576378878827,45.89,93
Chamrajapet,West,37.07969528061974,-0.0051598376110265,0.1134032880959742,-0.1247508750466628,45.36,94
Jogupalya,East,36.1637582582587,-0.0007487870269370396,0.1089273592909773,-0.1323484514987066,45.28,95
Marathahalli,Mahadevapura,36.11878827738581,-0.0029174499646893,0.1299386930772501,-0.1503576032207008,45.23,96
Kamakshipalya,West,37.21162212205242,-0.0077994552332127,0.1138804901415119,-0.1270145572706957,44.87,97
Katriguppe,South,36.67810038411734,-0.0020473381551731,0.0980797364780032,-0.1189012547098846,44.74,98
Suddagunte Palya,South,36.60511188112678,-0.001076258765898,0.1144574128183512,-0.1307510913546615,44.65,99
J P Park,Rajarajeshwari Nagar,36.71717987794303,-0.0062737875961349,0.1204061289830067,-0.1393615219023857,44.41,100
Vannarpet,East,36.899397646060265,-0.0055131223425134,0.1269870426640207,-0.1411824423809405,43.96,101
Okalipuram,West,37.28735406052719,-0.0048185620923041,0.1162393946799426,-0.1270440598278837,43.69,102
Horamavu,Mahadevapura,36.03091123369739,-0.0014798648017568,0.1323593044098274,-0.1558560364994057,43.66,103
Srinagar,South,36.92133280428209,0.00044832885794162265,0.092776140727102,-0.1119474839385922,43.29,104
Arakere,Bommanahalli,36.95642114480752,-0.0069970650198103,0.1354369710665433,-0.1500102336904881,43.07,105
Kempegowda Ward,Yelahanka,35.953613570589994,-0.0006371115892402761,0.1355954308496608,-0.1603236754275728,42.93,106
Mattikere,West,36.339219459114304,0.0025663400612355,0.1033177038259601,-0.1280998302570679,42.77,107
Padmanabha Nagar,South,36.88614540510661,-0.002799634045339,0.1094922423830853,-0.129748394837068,42.53,108
Shakthi Ganapathi Nagar,West,36.920869711117206,0.0008165131866033818,0.0957952632409015,-0.1172784937072286,41.85,109
Kadugodi,Mahadevapura,36.50435192219583,-0.006598596004108,0.1562617460201134,-0.1750482310459033,41.76,110
Subhash Nagar,West,37.96404722201839,-0.0087186628994847,0.1222303535388492,-0.1290380510141645,41.74,111
Basavanapura,Mahadevapura,36.35898412264016,3.0478866201491186e-08,0.1198835722615017,-0.145001759243125,41.65,112
Nayandahalli,West,37.20503382017544,-0.0051879436989628,0.1327736509904515,-0.1456314890182224,41.6,113
Jnana Bharathi ward,Rajarajeshwari Nagar,37.03432663560834,-0.0078174896000122,0.1514047652588428,-0.1646930146800941,41.51,114
Sagayarapuram,East,36.93993396278024,-0.0043195102280361,0.1263444243293409,-0.145088184569968,41.42,115
Hebbala,East,36.84874437271482,-0.0028355586037553,0.1202537149145412,-0.1411258300140938,41.26,116
Chikkalsandra,South,36.73678383914194,0.0025516307856783,0.0946367243322086,-0.1192362042281039,41.21,117
Siddapura,South,37.147212373569374,-0.0015301478877731,0.1165617015207507,-0.1322003957745136,41.21,117
HBR Layout,East,36.00325365872848,0.0042531909789471,0.1172846008859429,-0.1462174229797014,40.95,119
Dattatreya Temple,West,37.07928858190785,0.0004507306587587712,0.1029128234560139,-0.1230271234192687,40.64,120
Gandhinagar,West,37.49704384188282,-0.0028000487333217,0.1152341438262114,-0.1291871042472743,40.25,121
Agrahara Dasarahalli,West,37.47666672292437,-0.0023514816002388,0.107543340607569,-0.123685149786955,40.23,122
Vasanthpura,Bommanahalli,36.93160660710964,-0.0021612294586267,0.1307597239771944,-0.1507910812760138,39.48,123
Varthuru,Mahadevapura,36.18966645578497,-0.0023315836727646,0.1600517274401236,-0.1849941525313847,39.07,124
A Narayanapura,Mahadevapura,36.23432645491204,0.0084262443788984,0.0999239621158998,-0.1305373354535189,38.96,125
Vijayanagar,South,37.29774216043312,0.0016807280828405,0.0966074202122731,-0.1179690709875299,38.88,126
Uttarahalli,Bommanahalli,37.13956207133631,-0.0045055206148546,0.1464953755164065,-0.1636248418377524,38.39,127
Vijnanapura,Mahadevapura,36.4172432570892,0.0055141252483153,0.1103643021380665,-0.1399801338741725,38.16,128
Kaval Bairasandra,East,36.89634165623901,0.0012695874897034,0.1151007305568383,-0.1407069578355227,37.85,129
Hombegowda Nagara,South,37.45970666401081,0.0014166413978946,0.1090874807733313,-0.128183794392351,37.31,130
Bagalakunte,Dasarahalli,36.85664146079869,-0.0002827044273733192,0.1278715966618332,-0.1535319351323135,37.25,131
Kammanahalli,East,35.649431382145195,0.0162254195566912,0.0852404236198179,-0.1271596902017402,36.69,132
Ejipura,South,36.92924117140923,0.0055056467229109,0.1029554414430287,-0.1299860128523225,36.64,133
Rayapuram,West,37.691283861189454,0.0014350373776274,0.1089125200588169,-0.127124910965246,36.12,134
Chokkasandra,Dasarahalli,37.29145702814501,-0.000782269165535437,0.1291222736593978,-0.1513175325582473,35.78,135
Gayithri Nagar,West,36.98604206330755,0.0087959864575067,0.0883849447383266,-0.1182717652843458,35.41,136
Thanisandra,Yelahanka,36.74380656393361,0.0033959723247653,0.1229786976215109,-0.1532404745975248,35.13,137
Atturu,Yelahanka,36.41143051321533,0.0025376690677096,0.1406547353601361,-0.1734302158319016,34.62,138
Lingarajapura,East,36.73077619917697,0.0094487215669936,0.0994675705489153,-0.1315767827240308,34.62,138
Jakkuru,Yelahanka,36.498967440153024,0.0027565916126258,0.1446362032970828,-0.1751252593138149,34.37,140
Madivala,South,37.1684945396551,0.0089663272660293,0.0885446237159871,-0.1183038527422617,34.14,141
Azad Nagar,West,37.677471879185525,0.0053910978937434,0.1041715695120217,-0.1266394442100109,33.33,142
Shettihalli,Dasarahalli,36.96942949552947,0.00013243949762011396,0.1529061197945689,-0.1788956239753771,33.17,143
Banashankari Temple ward,South,37.21140432520095,0.0092383870233013,0.1039737341040012,-0.1312977815615144,32.85,144
Kottegepalya,Rajarajeshwari Nagar,37.88948938792081,-0.0011277815058141,0.1264806301427973,-0.1479582120162516,32.51,145
Chalavadipalya,West,38.138349109646015,-0.0011720708492545,0.1277617661486425,-0.1449574993757457,32.41,146
HMT Ward,Rajarajeshwari Nagar,37.9787091427854,-7.248005186563884e-05,0.1327848357140661,-0.1508357884136311,32.06,147
Yelchenahalli,Bommanahalli,37.31991969979794,0.0087470172067527,0.1017642140788062,-0.1314528229692263,31.66,148
Dr. Raj Kumar Ward,West,38.10731260476618,0.0035658201528873,0.1079057180246667,-0.1288032231352996,31.43,149
Bharathi Nagar,East,37.23188618345283,0.0087444198230119,0.1130563606243352,-0.1414363224813675,31.42,150
Gottigere,Bommanahalli,37.46584429050074,0.0024805868263316,0.1356976775172617,-0.1614003272244919,30.97,151
Marappana Palya,West,37.77617266840307,0.0052103454863634,0.1174628449123855,-0.1420495371276365,30.31,152
Manorayanapalya,East,36.82588257019137,0.0145488612576362,0.0887911277941083,-0.1277940564417782,30.25,153
Dayananda Nagar,West,37.448127157080464,0.0113035667825787,0.088999997944644,-0.1214613674948708,30.09,154
Cottonpete,West,37.8651413470301,0.0063552079945198,0.1062310139131899,-0.132785035544608,29.76,155
Vishwanath Nagenahalli,East,36.93911041278498,0.0132388504780397,0.0920266886621861,-0.1310993543873224,29.65,156
HAL Airport,Mahadevapura,37.61263921597176,0.0032304297502208,0.1587106343462879,-0.1802069322675821,28.57,157
Lakshmi Devi Nagar,Rajarajeshwari Nagar,37.94153449047684,0.0061163370900002,0.1189659092875885,-0.1443273013774285,28.3,158
Ramamurthy Nagar,Mahadevapura,36.78143359856192,0.0112448058355942,0.1180436119205405,-0.1579662828306655,28.13,159
Hudi,Mahadevapura,36.97092590686515,0.0091360294760962,0.132924624135471,-0.1709148640095356,26.78,160
Deepanjali Nagar,South,38.03289992009296,0.0074244651887148,0.1129436595276201,-0.1412654004693625,26.65,161
Singasandra,Bommanahalli,37.52275365703302,0.0074739710266493,0.1281330293179885,-0.1604806824938148,26.63,162
Begur,Bommanahalli,37.81604547181254,0.0038400040149236,0.1405258271375884,-0.1684948703650759,26.53,163
Yeshwanthpura,Rajarajeshwari Nagar,37.32607572460815,0.0133526995694177,0.1002414211571952,-0.1392845618988329,26.02,164
Bommanahalli,Bommanahalli,37.65337017239471,0.0137763943306648,0.0965625977800347,-0.1324247854235708,25.34,165
Gurappanapalya,South,37.37092535820244,0.0206462107567122,0.0699052267123825,-0.1125207985234224,24.71,166
Ullalu,Rajarajeshwari Nagar,38.19464996618386,0.0015114674618348,0.1460197542158046,-0.1733200572778525,24.61,167
Mallasandra,Dasarahalli,37.58291705922279,0.0110741140609581,0.1183514543305968,-0.1555791925275608,23.85,168
Jagajivanaramnagar,West,38.352280500430446,0.0112540541934073,0.1097025430050169,-0.1367121772323779,23.72,169
T Dasarahalli,Dasarahalli,37.759800644545166,0.0153415679193462,0.0891967444166834,-0.1317314512833225,22.15,170
Herohalli,Rajarajeshwari Nagar,38.07770840650832,0.0077525689459055,0.1276342426935948,-0.1627070461061437,21.74,171
Hemmigepura,Rajarajeshwari Nagar,38.05419797289094,0.0051151917845112,0.162483162745981,-0.1906585502723454,21.64,172
Binnipete,West,38.01292488202936,0.017610728131328,0.0872501237942078,-0.1259683193052946,21.2,173
Laggere,Rajarajeshwari Nagar,38.2736770184351,0.0137485644969801,0.0950960505271291,-0.1327757388623607,20.63,174
Sudham Nagara,South,38.22074387520795,0.01736880318473,0.0926589789739045,-0.1306318063506141,19.56,175
Gali Anjenaya Temple ward,South,38.79336896838089,0.0156288202402632,0.1003939196033045,-0.1339064600432131,17.33,176
K R Market,West,39.1846681071362,0.0124609309019131,0.1001180174272249,-0.1328617945445899,16.44,177
Peenya Industrial Area,Dasarahalli,38.92427965780594,0.0118039765920445,0.1229682990906442,-0.1559604308112629,15.64,178
Nilasandra,East,37.96311958410904,0.0239315006846936,0.0910456696349119,-0.1369441779345697,15.42,179
Mangammanapalya,Bommanahalli,38.47311507454451,0.0186531375455006,0.0990824138503725,-0.1410211093717919,14.94,180
Kengeri,Rajarajeshwari Nagar,39.41139446439168,0.005623205778918,0.1405859588403481,-0.1702331226590788,14.32,181
Bapuji Nagar,South,38.85058654622459,0.0214499290121312,0.0800452767029606,-0.1204329616356902,14.06,182
Nagavara,East,37.66595579564533,0.0256514656839713,0.0935784275005019,-0.146718102104786,13.46,183
Hongasandra,Bommanahalli,38.53351827219579,0.0227832514178309,0.0785668537937629,-0.1254424484219424,13.19,184
Vrisabhavathi Nagar,West,38.72821201706546,0.0222722150181822,0.0797338303242194,-0.1237379394538526,13.12,185
Kempapura Agrahara,South,38.34389545084525,0.0267088732827199,0.0690363723554522,-0.1183146793976214,12.92,186
Anjanapura,Bommanahalli,38.770254544866845,0.0117301565627114,0.1485601332356255,-0.1847945497859302,12.35,187
Shivaji Nagar,East,37.59849351976099,0.0329163751738976,0.0777730285342828,-0.1334699639049857,11.58,188
Dharmaraya Swamy Temple,South,38.987334967885815,0.0230840389019815,0.0841274268234315,-0.1269201175892574,10.97,189
Kadugondanahalli,East,38.26458021774069,0.0258071157804588,0.0893967114861513,-0.1409379719187062,10.5,190
Kaveripura,West,39.12751097904407,0.0197594645167902,0.0945397902730492,-0.1388413248321448,9.64,191
Kushal Nagar,East,38.27122063015495,0.0302903741927703,0.0819492268858853,-0.1367922612999899,8.05,192
Rajagopal Nagar,Dasarahalli,39.27854716373445,0.0195924690770688,0.102625696666796,-0.1501029734486352,6.46,193
Chickpete,West,38.02472848666097,0.0367498489654118,0.0639498963543468,-0.1252030908381738,6.45,194
Dodda Bidarakallu,Rajarajeshwari Nagar,38.73934945991412,0.0192833497890181,0.1257000264682216,-0.1764719049141887,6.14,195
Muneshwara Nagar,East,38.47825395142646,0.0299648603441303,0.0924133855443702,-0.1485540654578701,5.02,196
Hegganahalli,Dasarahalli,39.169828961844495,0.0273892998676864,0.0866026036987218,-0.1411134789136749,2.85,197
Padarayanapura,West,38.98948150627432,0.0377930763324414,0.0678374317852312,-0.1266542025863564,0.0,198
